{
  "loss": [
    1.7350172996520996,
    2.0684938430786133
  ],
  "accuracy": [
    0.3754201829433441,
    0.21386554837226868
  ],
  "precision": [
    0.38992270827293396,
    0.19440700113773346
  ],
  "recall": [
    0.2861344516277313,
    0.1212184876203537
  ],
  "auc": [
    0.6257383227348328,
    0.46709415316581726
  ],
  "val_loss": [
    1.464238166809082,
    1.4473133087158203
  ],
  "val_accuracy": [
    0.25,
    0.25
  ],
  "val_precision": [
    0.0,
    0.0
  ],
  "val_recall": [
    0.0,
    0.0
  ],
  "val_auc": [
    0.5034065842628479,
    0.47969576716423035
  ],
  "lr": [
    9.999999747378752e-05,
    9.999999747378752e-06
  ]
}